"","close","adjOpen","adjClose","avg_price7","change"
"1",132.045,120.1113601,121.6825575,120.3352,"Decrease"
"2",131.78,121.5120757,121.4383538,120.3352,"Decrease"
"3",130.28,120.931516,120.0560687,120.3352,"Increase"
"4",130.535,120.9038703,120.2910572,120.3352,"Increase"
"5",129.96,119.6690289,119.7611812,120.3352,"Increase"
"6",130.12,120.4062476,119.908625,120.3352,"Increase"
"7",129.36,119.4110023,119.2082672,120.335158657143,"Increase"
"8",128.65,119.3372805,118.5539856,119.888219814286,"Increase"
"9",127.8,118.7843664,117.7706907,119.364267942857,"Increase"
"10",127.42,116.757015,117.4205118,118.987759814286,"Increase"
"11",128.88,117.8812735,118.765936,118.769885357143,"Increase"
"12",128.59,119.042393,118.4986942,118.589530071429,"Increase"
"13",127.17,118.1254772,117.1901309,118.201173771429,"Increase"
"14",126.92,116.2041009,116.9597501,117.879957042857,"Increase"
"15",127.6,117.0611177,117.586386,117.741728528571,"Increase"
"16",127.3,117.6969688,117.309929,117.675905428571,"Increase"
"17",127.88,117.2454224,117.8444126,117.736462685714,"Decrease"
"18",126.6,117.6877536,116.6648626,117.436309342857,"Increase"
"19",127.61,117.4850184,117.5956012,117.307296057143,"Decrease"
"20",127.03,117.4758032,117.0611177,117.2888656,"Increase"
"21",128.11,117.2269919,118.0563629,117.445524571429,"Decrease"
"22",127.5,118.7475055,117.4942337,117.432359957143,"Decrease"
"23",126.75,117.6508927,116.8030911,117.359954542857,"Increase"
"24",124.53,115.6143259,114.7573092,116.918939771429,"Increase"
"25",125.425,115.7156935,115.5820726,116.764255485714,"Increase"
"26",126.6,116.9413196,116.6648626,116.631292828571,"Decrease"
"27",126.44,116.5082036,116.5174189,116.553621571429,"Increase"
"28",126,115.1351338,116.1119486,116.2758481,"Increase"
"29",125.69,116.010581,115.8262763,116.037568471429,"Increase"
"30",122.57,114.711233,112.9511233,115.487287357143,"Increase"
"31",120.07,114.1306733,110.6473148,114.9001453,"Increase"
"32",123.28,112.3705636,113.6054049,114.6177642,"Increase"
"33",125.66,115.2180709,115.7986306,114.494016771429,"Decrease"
"34",125.61,116.1488095,115.7525544,114.384750414286,"Decrease"
"35",126.82,115.853922,116.8675978,114.4927003,"Decrease"
"36",128.51,117.7153993,118.4249723,114.863942585714,"Decrease"
"37",129.62,118.9502406,119.4478633,115.7920483,"Decrease"
"38",132.07,120.6919199,121.7055956,117.3718027,"Decrease"
"39",130.75,122.4243839,120.4891847,118.355199814286,"Decrease"
"40",125.22,112.4166397,115.3931603,118.297275485714,"Increase"
"41",125.16,116.2962533,115.3378689,118.2380347,"Increase"
"42",124.5,115.4853127,114.7296635,117.932615514286,"Increase"
"43",122.77,113.4303155,113.135428,117.176966328571,"Increase"
"44",123.38,113.6975573,113.6975573,116.355494042857,"Increase"
"45",122.99,113.4856069,113.3381631,115.160146542857,"Increase"
"46",122.37,112.7207425,112.7668186,114.056951385714,"Increase"
"47",121.3,112.978769,111.7807886,113.540898285714,"Increase"
"48",118.44,111.9650933,109.1452317,112.656235828571,"Increase"
"49",114.64,108.2052778,105.6434427,111.358204285714,"Increase"
"50",115.4,104.0860682,106.3438005,110.387971785714,"Increase"
"51",115.13,107.3517573,106.5741814,109.370346657143,"Increase"
"52",115.52,106.0650543,106.9351987,108.455637457143,"Increase"
"53",119.72,107.8701412,110.8230782,108.177960257143,"Decrease"
"54",113.49,109.0550187,105.056057,107.217284314286,"Increase"
"55",115.24,104.1673988,106.6760068,106.8645379,"Increase"
"56",115.15,107.4165552,106.5926951,107.000145385714,"Increase"
"57",115.96,105.824376,107.3425004,107.1428168,"Decrease"
"58",117.16,107.4165552,108.4533231,107.411265614286,"Decrease"
"59",116.5,107.7775726,107.8423706,107.5408616,"Decrease"
"60",115.01,107.4720964,106.4630991,106.918007442857,"Increase"
"61",112.65,105.6022115,104.2784811,106.806925171429,"Increase"
"62",105.76,102.2234591,97.90050744,105.553282405714,"Increase"
"63",103.12,87.81979142,95.45669749,103.962425604286,"Increase"
"64",103.74,102.8529253,96.03062256,102.346443055714,"Increase"
"65",109.69,99.12704084,101.5384518,101.358604298571,"Decrease"
"66",112.92,103.9082069,104.5284162,100.885182241429,"Decrease"
"67",113.29,103.834152,104.8709199,100.65772807,"Decrease"
"68",112.76,103.7971246,104.3803065,100.672274555714,"Decrease"
"69",107.72,101.9920377,99.71485118,100.931466518571,"Increase"
"70",112.34,101.8254143,103.9915186,102.150726677143,"Decrease"
"71",110.37,104.1303714,102.167918,103.027483168571,"Increase"
"72",109.27,100.8719582,101.1496638,102.971942025714,"Increase"
"73",112.31,103.3527955,103.963748,102.89127514,"Decrease"
"74",110.15,105.3059921,101.9642672,102.47603904,"Increase"
"75",112.57,102.0753494,104.2044263,102.450913297143,"Decrease"
"76",114.21,103.4823915,105.7225506,103.309156071429,"Decrease"
"77",115.31,107.9164255,106.7408048,103.701911242857,"Decrease"
"78",116.28,107.3147298,107.6387198,104.483454357143,"Decrease"
"79",116.41,107.6109492,107.7590589,105.427653657143,"Decrease"
"80",113.92,107.0647947,105.4541018,105.640561342857,"Increase"
"81",113.45,103.8711795,105.0190296,106.076955971429,"Increase"
"82",115.21,105.2226804,106.6482362,106.426071671429,"Decrease"
"83",113.4,104.9542316,104.9727453,106.318956628571,"Increase"
"84",114.32,105.185653,105.824376,106.188038228571,"Increase"
"85",115,104.8338925,106.4538422,106.01877,"Decrease"
"86",114.71,107.7868295,106.1853934,105.793960642857,"Decrease"
"87",112.44,105.3893038,104.0840871,105.598244257143,"Increase"
"88",109.06,104.4451045,100.9552699,105.017707157143,"Increase"
"89",110.3,101.9827809,102.10312,104.368404842857,"Increase"
"90",109.58,100.9645267,101.4366264,103.863245,"Increase"
"91",110.38,99.9833,102.1771748,103.342216257143,"Increase"
"92",110.78,101.714332,102.5474491,102.7841601,"Increase"
"93",111.31,102.4085962,103.0380624,102.334541385714,"Decrease"
"94",110.78,103.4361072,102.5474491,102.115021671429,"Decrease"
"95",109.5,102.0012946,101.3625715,102.173207614286,"Increase"
"96",112.12,101.8254143,103.7878678,102.413885871429,"Decrease"
"97",111.6,104.352536,103.3065113,102.681012285714,"Decrease"
"98",111.79,102.5844765,103.4823915,102.867471814286,"Decrease"
"99",110.21,103.0195487,102.0198083,102.792094557143,"Increase"
"100",111.86,102.6863019,103.5471895,102.864827,"Decrease"
"101",111.04,103.4731347,102.7881273,102.8992096,"Increase"
"102",111.73,102.5659628,103.4268504,103.194106585714,"Decrease"
"103",113.77,103.065833,105.315249,103.4123039,"Decrease"
"104",113.76,105.5281567,105.3059921,103.697944014286,"Decrease"
"105",115.5,105.8336329,106.916685,104.188557371429,"Decrease"
"106",119.08,108.0275077,110.2306394,105.361533242857,"Decrease"
"107",115.28,109.3049538,106.7130342,105.813796771429,"Decrease"
"108",114.55,106.8241165,106.0372837,106.277961971429,"Increase"
"109",119.27,108.2404154,110.4065197,107.275057585714,"Decrease"
"110",120.53,109.8788789,111.5728835,108.169005371429,"Decrease"
"111",119.5,111.9986989,110.6194274,108.928067557143,"Decrease"
"112",121.18,110.961931,112.1745792,109.6791953,"Decrease"
"113",122.57,111.8135618,113.4612821,110.140715685714,"Decrease"
"114",122,113.979666,112.9336413,111.029373842857,"Decrease"
"115",120.92,113.2798471,112.4152574,111.940512942857,"Decrease"
"116",121.06,112.591894,112.5454107,112.2460688,"Decrease"
"117",120.57,112.4524441,112.0898742,112.319924614286,"Increase"
"118",116.77,108.6779986,108.557142,112.025312414286,"Increase"
"119",116.11,108.1852754,107.9435622,111.420881414286,"Increase"
"120",115.72,108.0830121,107.5809923,110.580840014286,"Increase"
"121",112.34,107.0975658,104.43872,109.367279828571,"Increase"
"122",114.175,103.5462402,106.1446577,108.471479871429,"Increase"
"123",113.69,106.8372592,105.6937696,107.492674,"Increase"
"124",117.29,107.6181789,109.0405685,107.0570589,"Decrease"
"125",118.78,109.3659517,110.4257714,107.324005957143,"Decrease"
"126",119.3,110.8162313,110.9091979,107.7476682,"Decrease"
"127",117.75,110.8813079,109.468215,108.017271442857,"Decrease"
"128",118.88,109.0777551,110.518738,108.885845442857,"Decrease"
"129",118.03,110.8255279,109.7285216,109.397826,"Decrease"
"130",117.81,109.9702349,109.523995,109.945001057143,"Increase"
"131",118.3,109.6913349,109.9795315,110.079138628571,"Increase"
"132",117.34,110.3978814,109.0870518,109.887892971429,"Increase"
"133",116.28,108.8174486,108.1016055,109.486808342857,"Increase"
"134",115.2,108.3526154,107.0975658,109.148144171429,"Increase"
"135",119.03,107.1812357,110.658188,109.1680656,"Decrease"
"136",118.28,110.6117046,109.9609382,109.201267971429,"Decrease"
"137",118.23,109.2543917,109.9144549,109.257047957143,"Decrease"
"138",115.62,109.3659517,107.4880256,108.901118542857,"Increase"
"139",116.17,107.8784855,107.9993422,108.745731457143,"Increase"
"140",113.18,107.0882691,105.2196397,108.334022057143,"Increase"
"141",112.48,104.2899733,104.5688732,107.972780257143,"Increase"
"142",110.49,104.0668534,102.7188372,106.838587285714,"Increase"
"143",111.34,103.2580437,103.5090536,105.916889485714,"Increase"
"144",108.98,104.1412267,101.315041,104.688401785714,"Increase"
"145",106.03,101.2499643,98.57252516,103.414758865714,"Increase"
"146",107.33,99.73460813,99.78109144,102.240723042857,"Increase"
"147",107.23,99.84616809,99.68812481,101.45050663,"Increase"
"148",108.61,99.72531146,100.9710644,100.936533944286,"Decrease"
"149",108.03,101.3336343,100.4318579,100.609822615714,"Increase"
"150",106.82,100.0228047,99.3069616,100.009523758571,"Increase"
"151",108.74,99.43711489,101.091921,99.9776494728571,"Decrease"
"152",107.32,100.9431744,99.77179478,100.148973704286,"Increase"
"153",105.26,99.48359821,97.85668206,99.8740580785714,"Increase"
"154",105.35,95.39306618,97.94035203,99.6243762528571,"Increase"
"155",102.71,98.31221858,95.48603282,98.8408003128571,"Increase"
"156",100.7,93.48725012,93.61740341,97.8673068142857,"Increase"
"157",96.45,91.73947735,89.66632134,96.4900724914286,"Increase"
"158",96.96,91.61862072,90.14045119,94.9255768042857,"Increase"
"159",98.53,92.00908059,91.60002739,93.7581814628571,"Increase"
"160",99.96,93.47795346,92.9294503,93.0542912114286,"Increase"
"161",97.39,93.26413019,90.54020773,91.99712774,"Increase"
"162",99.52,91.07011756,92.5203971,91.5734654942857,"Decrease"
"163",97.13,89.43390475,90.29849447,91.0993356457143,"Increase"
"164",96.66,91.48846743,89.86155128,91.1272256371429,"Increase"
"165",96.79,88.41127174,89.98240791,91.1046480257143,"Increase"
"166",96.3,90.23341783,89.52687139,90.8084828828571,"Increase"
"167",101.42,91.69299403,94.2867632,91.0023847257143,"Decrease"
"168",99.44,94.37972984,92.44602379,91.2746441628571,"Decrease"
"169",99.99,92.90156031,92.95734029,91.3370646185714,"Decrease"
"170",93.42,89.28515813,86.84943224,90.8443414428571,"Increase"
"171",94.09,87.1934088,87.47230871,90.5030210757143,"Increase"
"172",97.34,88.12307517,90.49372441,90.57606629,"Increase"
"173",96.43,89.68491467,89.64772802,90.5933315228571,"Increase"
"174",94.48,88.70876498,87.83487859,89.6716337214286,"Increase"
"175",96.35,88.31830511,89.57335471,89.2612524242857,"Decrease"
"176",96.6,89.59754143,90.28919781,88.8800892128571,"Decrease"
"177",94.02,90.21442415,87.87774719,89.0269913485714,"Increase"
"178",95.01,87.04589019,88.80307126,89.2171002842857,"Increase"
"179",94.99,88.1301083,88.78437785,88.9729079185714,"Increase"
"180",94.27,89.65362168,88.11141488,88.7534346128571,"Increase"
"181",93.7,87.66277291,87.57865253,88.71683089,"Increase"
"182",93.99,88.03664122,87.84970706,88.4705955114286,"Increase"
"183",96.64,88.81241797,90.32658464,88.4759364871428,"Decrease"
"184",98.12,90.35462477,91.7098974,89.0233865171429,"Decrease"
"185",96.26,92.38286037,89.97140974,89.1902920142857,"Decrease"
"186",96.04,89.72839534,89.76578217,89.3304926314286,"Decrease"
"187",96.88,90.01814328,90.55090563,89.67899131,"Decrease"
"188",94.69,90.10226365,88.50397661,89.8111804642857,"Increase"
"189",96.1,87.84036035,89.82186242,90.0929169442857,"Increase"
"190",96.76,89.77512888,90.43874514,90.1089398728571,"Decrease"
"191",96.91,90.85000028,90.57894575,89.9473753514286,"Decrease"
"192",96.69,90.53221221,90.37331818,90.0047908428571,"Decrease"
"193",100.53,91.27060213,93.96245399,90.6043153885714,"Decrease"
"194",100.75,93.94376058,94.16808157,91.1210548085714,"Decrease"
"195",101.5,94.00918753,94.86908466,92.0303559585714,"Decrease"
"196",103.01,95.68224824,96.28043754,92.9530095471429,"Decrease"
"197",101.87,95.70094165,95.21491285,93.63531922,"Decrease"
"198",101.03,94.19612169,94.42978939,94.18543974,"Decrease"
"199",101.12,94.69149721,94.51390976,94.7769528228572,"Increase"
"200",101.17,94.78496429,94.5606433,94.8624084385714,"Increase"
"201",102.26,95.56074104,95.57943445,95.0640302785714,"Decrease"
"202",102.52,95.25229968,95.82244886,95.2002251642857,"Decrease"
"203",104.58,97.16837479,97.74787067,95.4098584685714,"Decrease"
"204",105.97,97.7759108,99.04706306,95.9573084985714,"Decrease"
"205",105.8,98.62646121,98.88816903,96.5942198757143,"Decrease"
"206",105.92,99.39289125,99.00032952,97.2351369842857,"Decrease"
"207",105.91,99.00967623,98.99098282,97.86804263,"Decrease"
"208",106.72,98.3741001,99.74806615,98.4635614442857,"Decrease"
"209",106.13,99.52374516,99.19661039,98.94558452,"Decrease"
"210",105.67,98.57972767,98.76666183,99.0911261142857,"Increase"
"211",105.19,99.07510319,98.31801985,98.9869770842857,"Increase"
"212",107.68,98.03761862,100.6453501,99.2380029514286,"Decrease"
"213",109.56,101.5519808,102.4025312,99.7240317628572,"Decrease"
"214",108.99,102.5520785,101.8697688,100.135286902857,"Decrease"
"215",109.99,101.673488,102.8044396,100.571911681429,"Decrease"
"216",111.12,103.2063481,103.8606176,101.238198425714,"Decrease"
"217",109.81,102.3557976,102.6361989,101.790989435714,"Decrease"
"218",110.96,103.0287606,103.7110703,102.561425214286,"Decrease"
"219",108.54,102.7670528,101.449167,102.6762562,"Increase"
"220",108.66,101.7949952,101.5613275,102.556084242857,"Increase"
"221",109.02,101.8510754,101.897809,102.560089985714,"Increase"
"222",110.44,102.1969036,103.2250415,102.620175971429,"Decrease"
"223",112.04,103.561523,104.7205147,102.743018414286,"Decrease"
"224",112.1,104.327953,104.776595,103.048789285714,"Decrease"
"225",109.85,104.7859417,102.6735857,102.9005772,"Increase"
"226",107.48,101.7763018,100.4584159,102.759041328571,"Increase"
"227",106.91,100.8322843,99.9256536,102.525373628571,"Increase"
"228",107.13,99.67329249,100.1312812,102.273012514286,"Increase"
"229",105.97,99.94434702,99.04706306,101.676158451429,"Increase"
"230",105.68,98.14977911,98.77600854,100.826943285714,"Increase"
"231",105.08,98.1404324,98.21520607,99.88960201,"Increase"
"232",104.35,97.12164125,97.53289639,99.1552178228571,"Increase"
"233",97.82,89.72839534,91.42949617,97.8653721471428,"Increase"
"234",94.83,91.2332153,88.63483052,96.2523974214286,"Increase"
"235",93.74,87.84970706,87.61603937,94.4645057314286,"Increase"
"236",93.64,87.82634029,87.52257229,92.8181499071429,"Increase"
"237",95.18,88.04598793,88.9619653,91.41614373,"Increase"
"238",94.19,88.98065871,88.03664122,89.9620630371429,"Increase"
"239",93.24,88.39615867,87.68146632,88.5547158842857,"Increase"
"240",92.72,87.80371633,87.19246629,87.9494259014286,"Increase"
"241",92.79,87.455774,87.25829322,87.7527777157143,"Increase"
"242",93.42,87.76610094,87.85073556,87.7863057428571,"Decrease"
"243",92.51,87.90715864,86.99498551,87.7109362028571,"Increase"
"244",90.34,87.19246629,84.95435079,87.1384198442857,"Increase"
"245",90.52,84.63462,85.12362003,86.72227396,"Increase"
"246",93.88,86.88213935,88.28331251,86.8082519871429,"Decrease"
"247",93.49,88.91337023,87.91656249,86.9116943014286,"Decrease"
"248",94.56,88.54662021,88.92277408,87.1494772814286,"Decrease"
"249",94.2,88.99800485,88.5842356,87.2542630014286,"Decrease"
"250",95.22,88.99800485,89.54342796,87.6183262085714,"Decrease"
"251",96.43,90.15467799,90.68129341,88.4364608685714,"Decrease"
"252",97.9,91.42419729,92.06365887,89.4278949885714,"Decrease"
"253",99.62,92.78775506,93.68112049,90.1990104142857,"Decrease"
"254",100.41,93.73754357,94.42402438,91.1286478271428,"Decrease"
"255",100.35,93.51185125,94.3676013,91.9064802871429,"Decrease"
"256",99.86,93.6623128,93.90681281,92.66684846,"Decrease"
"257",98.46,93.11688969,92.59027428,93.10211222,"Increase"
"258",97.72,91.78154347,91.89438963,93.27541168,"Increase"
"259",97.92,91.96021655,92.08246656,93.2780984928571,"Increase"
"260",98.63,92.14829349,92.75013967,93.1451012328572,"Increase"
"261",99.03,93.33317817,93.12629354,92.9597111128571,"Decrease"
"262",98.94,93.11688969,93.04165892,92.7702907728572,"Decrease"
"263",99.65,92.62788967,93.70933203,92.7420792328571,"Decrease"
"264",98.83,92.65610121,92.93821661,92.79178528,"Decrease"
"265",97.34,92.80656275,91.53704345,92.7407358257143,"Increase"
"266",97.46,91.51823576,91.64988961,92.6789391185714,"Increase"
"267",97.14,91.98842809,91.34896652,92.4787715257143,"Increase"
"268",97.55,90.7001011,91.73452423,92.2799473385714,"Increase"
"269",95.33,90.85996649,89.64687027,91.7949775314286,"Increase"
"270",95.1,90.276928,89.4305818,91.1837274985714,"Increase"
"271",95.91,89.28012025,90.19229338,90.7914527514286,"Increase"
"272",95.55,90.51202417,89.8537549,90.5509829585714,"Increase"
"273",96.1,90.22050492,90.37096647,90.3682796528571,"Decrease"
"274",93.4,87.37113938,87.83192787,89.86584556,"Increase"
"275",92.04,87.455774,86.55300472,89.1256284871429,"Increase"
"276",93.59,87.36173553,88.01060095,88.8918757271429,"Increase"
"277",94.4,88.36794713,88.77231253,88.79783726,"Increase"
"278",95.6,88.80992792,89.90077413,88.7561916528571,"Decrease"
"279",95.89,89.79733182,90.17348569,88.80186748,"Decrease"
"280",94.99,89.70329335,89.32713949,88.65274934,"Decrease"
"281",95.53,88.96038947,89.83494721,88.93889496,"Decrease"
"282",95.94,89.9948126,90.22050492,89.46282356,"Decrease"
"283",96.68,90.73771649,90.91638957,89.87793622,"Decrease"
"284",96.98,90.9822165,91.19850497,90.22453514,"Decrease"
"285",97.42,91.37717806,91.61227423,90.4690351542857,"Decrease"
"286",96.87,91.60287038,91.09506266,90.6006890071428,"Decrease"
"287",98.79,91.58406269,92.90060122,91.11118354,"Decrease"
"288",98.78,93.02285123,92.89119737,91.5477907057143,"Decrease"
"289",99.83,92.8159666,93.87860127,92.0703758985714,"Decrease"
"290",99.87,93.62469741,93.91621666,92.4989226257143,"Decrease"
"291",99.96,94.03846667,94.00085128,92.8992578128571,"Decrease"
"292",99.43,93.87860127,93.50244741,93.1692825528571,"Decrease"
"293",98.66,93.34258201,92.77835121,93.4097523457143,"Increase"
"294",97.34,92.3927935,91.53704345,93.2149583785714,"Increase"
"295",96.67,91.04804343,90.90698573,92.9314995728571,"Increase"
"296",102.95,98.04920727,96.81260143,93.3506424528571,"Decrease"
"297",104.34,96.69975527,98.11973612,93.9511452328571,"Decrease"
"298",104.21,97.97867842,97.99748611,94.5220930657143,"Decrease"
"299",106.05,98.18556305,99.7277939,95.4114282785714,"Decrease"
"300",104.48,99.7277939,98.25138997,96.1932909585714,"Decrease"
"301",105.79,98.56171691,99.48329389,97.3284695928571,"Decrease"
"302",105.87,99.8203641,100.0945439,98.6409779028571,"Decrease"
"303",107.48,100.472723,101.6167147,99.3272797985714,"Decrease"
"304",108.37,101.6545326,102.4581631,99.9470550814286,"Decrease"
"305",108.81,102.3258004,102.87416,100.64372278,"Decrease"
"306",108,102.7796153,102.1083474,100.983801851429,"Decrease"
"307",107.93,102.5999802,102.0421661,101.525341298571,"Decrease"
"308",108.18,101.900349,102.278528,101.924660457143,"Decrease"
"309",109.48,102.2407101,103.50761,102.412241328571,"Decrease"
"310",109.38,103.6494271,103.4130652,102.668862828571,"Decrease"
"311",109.22,103.1483399,103.2617936,102.783667185714,"Decrease"
"312",109.08,103.2712481,103.1294309,102.820134457143,"Decrease"
"313",109.36,102.8363421,103.3941563,103.003821442857,"Decrease"
"314",108.51,102.9214324,102.5905257,103.082158528571,"Increase"
"315",108.85,102.6661616,102.911978,103.172651385714,"Increase"
"316",108.03,102.6425254,102.1367109,102.976808657143,"Increase"
"317",107.57,101.5316244,101.7018049,102.7323429,"Increase"
"318",106.94,101.5505333,101.1061729,102.424397085714,"Increase"
"319",106.82,100.8036297,100.9927192,102.119152557143,"Increase"
"320",106,100.0283626,100.2174521,101.665337671429,"Increase"
"321",106.1,99.89599991,100.3119969,101.339833557143,"Increase"
"322",106.73,100.3498148,100.9076289,101.053497971429,"Increase"
"323",107.73,101.8247131,101.8530766,101.012978785714,"Decrease"
"324",107.7,102.0138027,101.8247131,101.0305371,"Decrease"
"325",108.36,101.9476213,102.4487086,101.222327914286,"Decrease"
"326",105.52,101.3992617,99.76363724,101.046744777143,"Increase"
"327",103.13,98.9316433,97.50401733,100.659111238571,"Increase"
"328",105.44,97.05020245,99.68800143,100.569969028571,"Increase"
"329",107.95,101.6450781,102.0610751,100.734747057143,"Decrease"
"330",111.77,102.7985242,105.6726851,101.280405414286,"Decrease"
"331",115.57,107.6486707,109.2653862,102.343358714286,"Decrease"
"332",114.92,108.8399348,108.6508453,103.229378242857,"Decrease"
"333",113.58,108.9061161,107.3839454,104.317993694286,"Decrease"
"334",113.57,106.8828581,107.3744909,105.728061347143,"Decrease"
"335",113.55,107.6392163,107.355582,106.82343,"Decrease"
"336",114.62,108.1119401,108.367211,107.724306557143,"Decrease"
"337",112.71,108.1781214,106.5614059,107.851266671429,"Increase"
"338",112.88,105.5497769,106.722132,107.487944642857,"Increase"
"339",113.09,106.8355857,106.920676,107.2407776,"Increase"
"340",113.95,107.4879446,107.733761,107.290751257143,"Decrease"
"341",112.18,106.9868574,106.0603187,107.103012371429,"Increase"
"342",113.05,106.325044,106.8828581,107.035480385714,"Increase"
"343",112.52,106.5614059,106.3817709,106.751846085714,"Increase"
"344",113,106.8923126,106.8355857,106.791014628571,"Decrease"
"345",113.05,107.2137648,106.8828581,106.8139755,"Decrease"
"346",113.89,107.4973991,107.6770342,106.922026671429,"Decrease"
"347",114.06,108.0741222,107.8377603,106.936883714286,"Decrease"
"348",116.05,108.74539,109.7192011,107.4595812,"Decrease"
"349",116.3,111.2791898,109.955563,107.898539042857,"Decrease"
"350",117.34,110.9482831,110.9388286,108.549547285714,"Decrease"
"351",116.98,110.4188324,110.5984674,109.087101814286,"Decrease"
"352",117.63,111.4493703,111.2130084,109.705694714286,"Decrease"
"353",117.55,110.9293741,111.1373726,110.200028771429,"Decrease"
"354",117.47,111.7330046,111.0617368,110.660596842857,"Decrease"
"355",117.12,110.8537383,110.7308301,110.805115271429,"Increase"
"356",117.06,110.4850137,110.6741033,110.907763885714,"Increase"
"357",116.6,110.4377413,110.2391973,110.807816557143,"Increase"
"358",117.65,110.7119212,111.2319174,110.898309414286,"Decrease"
"359",118.25,111.5155517,111.799186,110.982049071429,"Decrease"
"360",115.59,108.0741222,109.2842952,110.717323728571,"Increase"
"361",114.48,109.0952057,108.2348483,110.313482514286,"Increase"
"362",113.72,107.6581252,107.5163081,109.854265085714,"Increase"
"363",113.54,107.4501267,107.3461275,109.378839971429,"Increase"
"364",111.49,107.2704917,105.4079598,108.688663185714,"Increase"
"365",111.59,105.3228695,105.5025045,107.870175628571,"Increase"
"366",109.83,105.4703294,104.3774218,106.8099236,"Increase"
"367",108.84,103.1419611,103.436571,105.974534428571,"Increase"
"368",110.41,104.6150104,104.9286274,105.502217157143,"Increase"
"369",111.06,104.8335919,105.5463577,105.220795671429,"Decrease"
"370",110.88,104.4249395,105.3752939,104.939248014286,"Decrease"
"371",107.79,105.5748683,102.4386989,104.515067885714,"Increase"
"372",108.43,101.8019615,103.0469257,104.164270914286,"Increase"
"373",105.71,102.3626705,100.4619618,103.604919485714,"Increase"
"374",107.11,101.2792665,101.7924579,103.370046185714,"Increase"
"375",109.99,101.4028126,104.5294785,103.313024914286,"Decrease"
"376",109.95,104.3584147,104.4914644,103.162325871429,"Decrease"
"377",110.06,104.2728828,104.5960033,103.050998642857,"Decrease"
"378",111.73,104.6530246,106.1830952,103.5859124,"Decrease"
"379",111.8,106.3921731,106.24962,104.043440157143,"Decrease"
"380",111.23,105.831464,105.707918,104.792862471429,"Decrease"
"381",111.79,105.6128825,106.2401164,105.428242257143,"Decrease"
"382",111.57,105.8979888,106.0310385,105.642750828571,"Decrease"
"383",111.46,105.2802585,105.9264995,105.847755842857,"Decrease"
"384",110.52,106.0595491,105.0331664,105.910207714286,"Increase"
"385",109.49,104.8858614,104.0543013,105.6060943,"Increase"
"386",109.9,103.7501879,104.4439466,105.348140957143,"Increase"
"387",109.11,104.5389821,103.6931667,105.060319342857,"Increase"
"388",109.95,104.0638049,104.4914644,104.810511914286,"Increase"
"389",111.03,103.8357198,105.5178471,104.737198857143,"Decrease"
"390",112.12,105.3562868,106.5537334,104.8268037,"Decrease"
"391",113.95,106.7343007,108.2928819,105.292477342857,"Decrease"
"392",113.3,107.665648,107.6751515,105.809741657143,"Decrease"
"393",115.19,108.1883429,109.4713213,106.527938042857,"Decrease"
"394",115.19,109.3287682,109.4713213,107.3533887,"Decrease"
"395",115.82,109.6518887,110.0700446,108.150328728571,"Decrease"
"396",115.97,110.6877749,110.2125977,108.821007385714,"Decrease"
"397",116.64,110.0510375,110.8493352,109.434664785714,"Decrease"
"398",116.95,110.9443706,111.143945,109.841959514286,"Decrease"
"399",117.06,111.0013919,111.248484,110.352435585714,"Decrease"
"400",116.29,110.5737324,110.5167111,110.501776985714,"Decrease"
"401",116.52,109.8514631,110.7352926,110.682344314286,"Decrease"
"402",117.26,110.7352926,111.4385549,110.877845785714,"Decrease"
"403",116.76,111.685647,110.9633777,110.985100071429,"Increase"
"404",116.73,110.6687678,110.9348671,110.997318914286,"Increase"
"405",115.82,110.8588387,110.0700446,110.843904571429,"Increase"
"406",116.15,110.0510375,110.3836615,110.7203585,"Increase"
"407",116.02,110.0985552,110.2601155,110.683701985714,"Increase"
"408",116.61,110.16508,110.8208245,110.695920828571,"Decrease"
"409",117.91,110.9823848,112.0562852,110.784168014286,"Decrease"
"410",118.99,112.0942994,113.082668,111.086923771429,"Decrease"
"411",119.11,112.87359,113.1967105,111.410044257143,"Decrease"
"412",119.75,112.8450794,113.8049373,111.943600357143,"Decrease"
"413",119.25,112.9923843,113.3297601,112.364471585714,"Decrease"
"414",119.04,113.1967105,113.1301857,112.774481614286,"Decrease"
"415",120,112.4649376,114.0425259,113.234724671429,"Decrease"
"416",119.99,114.0425259,114.0330224,113.5171157,"Decrease"
"417",119.78,113.4723133,113.8334479,113.624369971429,"Decrease"
"418",120,114.4701854,114.0425259,113.745200742857,"Decrease"
"419",120.08,114.0425259,114.1185542,113.790003157143,"Decrease"
"420",119.97,113.6148664,114.0140153,113.8877539,"Decrease"
"421",121.88,114.4416747,115.8291921,114.273326242857,"Decrease"
"422",121.94,115.6296177,115.8862134,114.536710171429,"Decrease"
"423",121.95,116.0762843,115.8957169,114.802809385714,"Decrease"
"424",121.63,114.9263555,115.5916035,115.053974471429,"Decrease"
"425",121.35,115.1354334,115.3255043,115.2372571,"Decrease"
"426",128.75,120.7235172,122.3581267,116.414338885714,"Decrease"
"427",128.53,121.6216021,122.1490488,117.576486528571,"Decrease"
"428",129.08,121.9399708,122.6717437,118.5539939,"Decrease"
"429",130.29,122.7192614,123.8216725,119.687630914286,"Decrease"
"430",131.53,124.0592611,125.0001119,120.988258771429,"Decrease"
"431",132.04,124.8290481,125.4847927,122.401571514286,"Decrease"
"432",132.42,125.6527065,126.3876293,123.981875085714,"Decrease"
"433",132.12,126.4258071,126.1012958,124.516613528571,"Decrease"
"434",133.29,127.0175631,127.2179966,125.240748928571,"Decrease"
"435",135.02,127.3897968,128.8691868,126.126097942857,"Decrease"
"436",135.51,129.3464094,129.3368649,126.913982571429,"Decrease"
"437",135.345,129.4895761,129.1793814,127.511021071429,"Decrease"
"438",135.72,128.9455424,129.5372984,128.089950457143,"Decrease"
"439",136.7,130.0240654,130.4726547,128.673525514286,"Decrease"
"440",137.11,130.2149545,130.8639772,129.353908571429,"Decrease"
"441",136.53,131.1216774,130.310399,129.795680342857,"Decrease"
"442",136.66,129.718643,130.4344768,130.0192932,"Decrease"
"443",136.93,130.8926105,130.692177,130.212909214286,"Decrease"
"444",136.99,130.8353438,130.7494437,130.437203828571,"Decrease"
"445",139.79,131.6084444,133.4218902,130.992145514286,"Decrease"
"446",138.96,133.6223237,132.6297007,131.300294942857,"Decrease"
"447",139.78,132.4579006,133.4123458,131.6643476,"Decrease"
"448",139.34,133.016251,132.9923899,132.047489157143,"Decrease"
"449",139.52,132.7251453,133.16419,132.437448185714,"Decrease"
"450",139,132.6201563,132.6678785,132.719691257143,"Increase"
"451",138.68,132.4197228,132.3624561,132.9501216,"Increase"
"452",139.14,132.9064898,132.8015009,132.861494557143,"Increase"
"453",139.2,132.5247118,132.8587676,132.8942184,"Increase"
"454",138.99,132.9542121,132.6583341,132.786502442857,"Increase"
"455",140.46,133.0592011,134.0613685,132.939213671429,"Decrease"
"456",140.69,134.3095242,134.2808909,133.098742371429,"Decrease"
"457",139.99,134.5767689,133.6127793,133.2337282,"Decrease"
"458",141.46,134.0041018,135.0158137,133.612779285714,"Decrease"
"459",139.84,135.636203,133.4696125,133.7082238,"Increase"
"460",141.42,133.4743847,134.9776359,134.010919271429,"Decrease"
"461",140.92,134.8249246,134.5004133,134.274073442857,"Decrease"
"462",140.64,135.0539915,134.2331686,134.298616314286,"Increase"
"463",140.88,133.0401122,134.4622355,134.324522685714,"Decrease"
"464",143.8,134.4908688,137.2492154,134.844013557143,"Decrease"
"465",144.12,137.1346819,137.5546378,135.206702714286,"Decrease"
"466",143.93,137.621449,137.3732932,135.764371385714,"Decrease"
"467",143.66,137.1728597,137.115593,136.069793828571,"Decrease"
"468",143.7,137.1633153,137.1537708,136.4488449,"Decrease"
"469",144.77,136.7242705,138.1750272,137.011967557143,"Decrease"
"470",144.02,137.6500823,137.4591933,137.440104385714,"Decrease"
"471",143.66,137.7168935,137.115593,137.421015471429,"Increase"
"472",143.34,137.1824042,136.8101706,137.314663014286,"Increase"
"473",143.17,137.0583263,136.6479149,137.211037542857,"Increase"
"474",141.63,136.4283925,135.1780693,136.934248442857,"Increase"
"475",141.8,135.149436,135.340325,136.675184757143,"Increase"
"476",141.05,135.445314,134.6244911,136.167965314286,"Increase"
"477",141.83,135.0349026,135.3689584,135.869360328571,"Increase"
"478",141.2,134.9680914,134.7676579,135.533941028571,"Increase"
"479",140.68,135.4166806,134.2713464,135.171251857143,"Increase"
"480",142.44,134.7867468,135.9511699,135.071716857143,"Decrease"
"481",142.27,135.9511699,135.7889142,135.158980414286,"Decrease"
"482",143.64,136.9628818,137.0965041,135.409863142857,"Decrease"
"483",144.53,137.3542043,137.9459603,135.884358742857,"Decrease"
"484",143.68,137.8886936,137.1346819,136.136604957143,"Decrease"
"485",143.79,137.3661349,137.2396709,136.489749671429,"Decrease"
"486",143.65,137.5260045,137.1060486,136.894707128571,"Decrease"
"487",146.58,138.4899941,139.9025729,137.459193271429,"Decrease"
"488",147.51,140.8188403,140.7902069,138.173663657143,"Decrease"
"489",147.06,138.9576722,140.3607066,138.6399783,"Decrease"
"490",146.53,139.8453062,139.8548507,138.912676928571,"Decrease"
"491",148.96,140.0743731,142.1741524,139.632601285714,"Decrease"
"492",153.01,142.2409636,146.0396554,140.889741928571,"Decrease"
"493",153.99,146.8604782,146.9750116,142.299593785714,"Decrease"
"494",153.26,146.6314114,146.2782667,143.210407185714,"Decrease"
"495",153.95,146.1006078,147.5381343,144.174396814286,"Decrease"
"496",156.1,148.2568975,149.5985889,145.494094285714,"Decrease"
"497",155.7,149.5123373,149.2152485,146.831293971429,"Decrease"
"498",155.47,149.4452527,148.9948278,147.805676171429,"Decrease"
"499",150.25,147.2027114,143.9922356,147.513187628571,"Increase"
"500",152.54,144.9697536,146.1868594,147.400594457143,"Increase"
"501",153.06,146.9918742,146.6852019,147.458728057143,"Increase"
"502",153.99,147.5860518,147.5764683,147.464204342857,"Decrease"
"503",153.8,148.4485677,147.3943816,147.149317585714,"Decrease"
"504",153.34,147.4327157,146.9535402,146.8262164,"Decrease"
"505",153.87,147.3272971,147.4614662,146.607164742857,"Decrease"
"506",153.61,147.5860518,147.2122949,147.067173214286,"Decrease"
"507",153.67,147.0302083,147.269796,147.221878442857,"Decrease"
"508",152.76,147.5573013,146.3976966,147.180806257143,"Increase"
"509",153.18,146.7906205,146.800204,147.069911357143,"Increase"
"510",155.45,147.1835444,148.9756608,147.295808385714,"Decrease"
"511",153.93,147.9118912,147.5189673,147.376583685714,"Decrease"
"512",154.45,147.4902167,148.0173098,147.455989914286,"Decrease"
"513",155.37,148.5635698,148.8989927,147.696946742857,"Decrease"
"514",154.99,148.7839906,148.5348193,147.877664357143,"Decrease"
"515",148.98,148.7264895,142.7751299,147.360154828571,"Increase"
"516",145.42,139.6700727,139.3634004,146.297754314286,"Increase"
"517",146.59,141.0309311,140.484671,145.084755771429,"Increase"
"518",145.16,141.3567704,139.1142291,143.884078885714,"Increase"
"519",144.29,137.3508633,138.2804638,142.493100885714,"Increase"
"520",142.27,137.7917048,136.3445948,140.699615471429,"Increase"
"521",146.34,137.6767026,140.2450833,139.515367471429,"Decrease"
"522",145.01,140.7530093,138.9704765,138.971845557143,"Increase"
"523",145.87,139.4592355,139.7946583,139.033453828571,"Decrease"
"524",145.63,139.6988232,139.5646541,138.902022842857,"Decrease"
"525",146.28,139.0854786,140.1875822,139.055359,"Decrease"
"526",145.82,141.0405146,139.7467408,139.264827142857,"Decrease"
"527",143.73,138.9704765,137.7437872,139.464711771429,"Increase"
"528",145.83,138.472134,139.7563243,139.394889057143,"Decrease"
"529",143.68,138.6829712,137.6958697,139.212802371429,"Increase"
"530",144.02,138.4337999,138.021709,138.9595239,"Increase"
"531",143.5,138.8458908,137.5233665,138.667911385714,"Increase"
"532",144.09,137.7054532,138.0887936,138.368084442857,"Increase"
"533",142.73,137.063358,136.7854362,137.945040928571,"Increase"
"534",144.18,136.9483559,138.1750451,138.0066492,"Decrease"
"535",145.06,138.1079606,139.018394,137.901230585714,"Decrease"
"536",145.53,138.7021382,139.468819,138.154509057143,"Decrease"
"537",145.74,139.7946583,139.6700727,138.389989585714,"Decrease"
"538",147.77,139.4400684,141.6155252,138.974583685714,"Decrease"
"539",149.04,141.8071954,142.8326309,139.652274728571,"Decrease"
"540",149.56,142.6217937,143.3309735,140.587351485714,"Decrease"
"541",150.08,142.9859671,143.829316,141.395104471429,"Decrease"
"542",151.02,144.2126564,144.7301659,142.211071885714,"Decrease"
"543",150.34,145.1901744,144.0784872,142.869595914286,"Decrease"
"544",150.27,143.7430644,144.0114027,143.489785914286,"Decrease"
"545",152.09,144.3084915,145.7556014,144.081225371429,"Decrease"
"546",152.74,145.4776797,146.3785296,144.587782328571,"Decrease"
"547",153.46,146.9631237,147.0685423,145.121720728571,"Decrease"
"548",150.56,147.3464641,144.2893244,145.187436214286,"Increase"
"549",149.5,143.6472293,143.2734724,144.979337142857,"Increase"
"550",148.73,143.6568128,142.5355421,144.758916414286,"Increase"
"551",150.05,142.890132,143.8005654,144.7287968,"Increase"
"552",157.14,152.646145,150.5952739,145.420178585714,"Decrease"
"553",155.57,150.5090223,149.0906629,145.8076262,"Decrease"
"554",156.39,149.5698384,149.8765107,146.208764542857,"Decrease"
"555",158.81,150.5186058,152.1957201,147.338249642857,"Decrease"
"556",160.08,151.9944664,153.4128258,148.7867287,"Decrease"
"557",161.06,152.626978,154.3520098,150.474795514286,"Decrease"
"558",155.32,153.8618872,149.4548363,151.2825485,"Increase"
"559",157.48,150.6865011,151.5332707,151.416548042857,"Decrease"
"560",159.85,153.303789,153.8137753,152.091278385714,"Decrease"
"561",161.6,154.5931882,155.4976921,152.8943043,"Decrease"
"562",160.95,155.8248531,154.8722373,153.2766639,"Decrease"
"563",157.86,154.4584749,151.8989213,153.060391828571,"Increase"
"564",157.5,151.8989213,151.5525155,152.660464071429,"Increase"
"565",157.21,151.5525155,151.2734664,152.920268371429,"Increase"
"566",159.78,152.2549494,153.7464186,153.236432357143,"Decrease"
"567",159.98,153.0632295,153.9388662,153.254302485714,"Decrease"
"568",159.27,154.3718734,153.2556771,152.934014628571,"Decrease"
"569",159.86,153.6213276,153.8233977,152.7841804,"Decrease"
"570",161.47,154.0928243,155.3726011,153.280420371429,"Decrease"
"571",162.91,154.0543348,156.7582241,154.024093028571,"Decrease"
"572",163.35,157.6146161,157.1816089,154.868113385714,"Decrease"
"573",164,157.460658,157.8070638,155.448205557143,"Decrease"
"574",164.05,158.5768543,157.8551757,156.007678342857,"Decrease"
"575",162.08,157.5665042,155.9595664,156.393948242857,"Increase"
"576",161.91,156.5657765,155.7959859,156.675746557143,"Increase"
"577",161.26,155.9691888,155.1705311,156.646879414286,"Increase"
"578",158.63,154.7856358,152.6398447,156.0585395,"Increase"
"579",161.5,154.4392301,155.4014683,155.8042337,"Increase"
"580",160.86,156.4695527,154.7856358,155.372601128571,"Increase"
"581",159.65,153.83302,153.6213276,154.767765685714,"Increase"
"582",158.28,152.9862504,152.3030613,154.245407814286,"Increase"
"583",159.88,152.4858866,153.8426424,153.966358742857,"Increase"
"584",158.67,154.0639572,152.6783342,153.610330614286,"Increase"
"585",158.73,153.4866143,152.7360685,153.624076871429,"Increase"
"586",156.07,151.9374108,150.1765149,152.877654957143,"Increase"
"587",153.39,149.9167106,147.5977165,151.850809342857,"Increase"
"588",151.89,146.2794502,146.1543592,150.784099571429,"Increase"
"589",150.55,144.3261067,144.8649601,149.721513685714,"Increase"
"590",153.14,146.048513,147.357157,148.795015771429,"Increase"
"591",154.23,147.9922342,148.4059966,148.184681828571,"Decrease"
"592",153.28,148.0788356,147.4918703,147.435510657143,"Decrease"
"593",154.12,147.4245137,148.3001504,147.167458585714,"Decrease"
"594",153.81,148.4348638,148.0018566,147.225192885714,"Decrease"
"595",154.48,148.1943042,148.6465562,147.581221028571,"Decrease"
"596",153.48,147.8286537,147.684318,147.983986442857,"Increase"
"597",155.39,148.3578847,149.5221929,148.293277285714,"Decrease"
"598",155.3,149.1180529,149.4355915,148.440362271429,"Decrease"
"599",155.84,149.926333,149.9552001,148.792266528571,"Decrease"
"600",155.9,150.1620813,150.0129344,149.036949957143,"Decrease"
"601",156.55,150.0802911,150.6383892,149.413597471429,"Decrease"
"602",156,150.4459416,150.1091582,149.622540614286,"Decrease"
"603",156.99,150.8115921,151.061774,150.105034328571,"Decrease"
"604",159.88,151.9374108,153.8426424,150.7222414,"Decrease"
"605",160.47,153.7464186,154.4103629,151.432923028571,"Decrease"
"606",159.76,154.362251,153.7271738,151.971776414286,"Decrease"
"607",155.98,150.8308369,150.0899135,151.982773428571,"Increase"
"608",156.25,150.6961235,150.3497178,151.941534657143,"Increase"
"609",156.17,150.9655502,150.2727387,151.9649033,"Increase"
"610",157.1,150.3882073,151.1676202,151.980024185714,"Increase"
"611",156.41,150.984795,150.5036759,151.503028971429,"Increase"
"612",157.41,151.2927112,151.4659141,151.082393428571,"Decrease"
"613",163.05,153.2749219,156.8929375,151.534645385714,"Decrease"
"614",166.72,157.7012176,160.4243517,153.0109937,"Decrease"
"615",169.04,161.5597927,162.6567443,154.769140342857,"Decrease"
"616",166.89,163.455402,160.5879322,156.242739414286,"Decrease"
"617",168.11,161.3096108,161.7618627,157.756202628571,"Decrease"
"618",172.5,167.4294457,165.9860884,159.967975842857,"Decrease"
"619",174.25,165.8561863,167.6700053,162.282846014286,"Decrease"
"620",174.81,167.3428443,168.2088586,163.899406171429,"Decrease"
"621",176.24,168.0645229,169.5848593,165.208050114286,"Decrease"
"622",175.88,168.4975301,169.2384535,166.148294285714,"Decrease"
"623",174.67,169.1052672,168.6803554,167.304354742857,"Decrease"
"624",173.97,167.5504761,168.0043592,168.196139957143,"Increase"
"625",171.34,167.10625,165.4645451,168.121633771429,"Increase"
"626",169.08,164.141524,163.2820432,167.494782042857,"Increase"
"627",171.1,165.3100317,165.232775,167.069627242857,"Increase"
"628",170.15,165.1748324,164.3153516,166.316840428571,"Increase"
"629",169.98,164.4505508,164.1511811,165.590087228571,"Increase"
"630",173.14,164.9237481,167.2028209,165.379010871429,"Decrease"
"631",174.96,167.4152768,168.9604109,165.515589685714,"Decrease"
"632",174.97,169.0956101,168.970068,166.016378671429,"Decrease"
"633",174.09,169.0473247,168.1202443,166.707550257143,"Decrease"
"634",173.07,168.3230431,167.1352213,166.9793283,"Decrease"
"635",169.48,166.7103094,163.6683267,166.886896171429,"Increase"
"636",171.85,164.5857501,165.9570566,167.144878385714,"Increase"
"637",171.05,164.1222098,165.1844895,166.856545328571,"Increase"
"638",169.8,166.5654531,163.9773535,166.144679985714,"Increase"
"639",169.64,163.262729,163.8228401,165.409361714286,"Increase"
"640",169.01,161.7562233,163.2144436,164.708533042857,"Increase"
"641",169.32,163.2337578,163.5138133,164.191189042857,"Increase"
"642",169.37,164.6436926,163.5620987,164.176013614286,"Increase"
"643",172.67,163.3979282,166.7489378,164.2891395,"Decrease"
"644",171.7,166.2467692,165.8122002,164.378812457143,"Decrease"
"645",172.27,166.5847673,166.3626543,164.719569714286,"Decrease"
"646",172.22,166.4881964,166.3143688,165.075502385714,"Decrease"
"647",173.97,167.6760182,168.0043592,165.759776042857,"Decrease"
"648",176.42,168.8831542,170.3703458,166.739280685714,"Decrease"
"649",174.54,169.0280105,168.5548132,167.452525614286,"Decrease"
"650",174.35,168.8734971,168.3713285,167.684295714286,"Decrease"
"651",175.01,168.197501,169.0086964,168.140938028571,"Decrease"
"652",175.01,168.6900124,169.0086964,168.518944042857,"Decrease"
"653",170.57,164.9430623,164.7209493,168.291312685714,"Increase"
"654",170.6,164.2670662,164.7499206,167.826392885714,"Increase"
"655",171.08,165.1362041,165.2134608,167.089695028571,"Increase"
"656",169.23,164.6726639,163.4268995,166.357135928571,"Increase"
"657",172.26,164.3250087,166.3529972,166.068802885714,"Decrease"
"658",172.23,166.6137385,166.3240259,165.685278528571,"Decrease"
"659",173.03,166.6233956,167.0965929,165.412120885714,"Decrease"
"660",175,167.4925335,168.9990393,166.0232766,"Decrease"
"661",174.35,168.3713285,168.3713285,166.540620585714,"Decrease"
"662",174.33,168.5644703,168.3520144,166.988985385714,"Decrease"
"663",174.29,167.2221351,168.313386,167.687054885714,"Decrease"
"664",175.28,168.6030987,169.2694377,168.103689242857,"Decrease"
"665",177.09,170.1385756,171.0173706,168.774167057143,"Decrease"
"666",176.19,171.7995948,170.1482327,169.2101156,"Decrease"
"667",179.1,170.1096044,172.9584453,169.775745028571,"Decrease"
"668",179.26,173.2191867,173.1129587,170.453120771429,"Decrease"
"669",178.46,172.485248,172.3403917,171.022888957143,"Decrease"
"670",177,171.2201695,170.9304569,171.396756228571,"Increase"
"671",177.04,171.2201695,170.9690852,171.639563014286,"Increase"
"672",174.22,171.1718841,168.2457864,171.243622414286,"Increase"
"673",171.11,168.5210134,165.242432,170.542793742857,"Increase"
"674",171.51,166.1019129,165.6287156,169.4956895,"Increase"
"675",167.96,164.3250087,162.2004493,167.936759585714,"Increase"
"676",166.97,159.8489484,161.2443976,166.351617571429,"Increase"
"677",167.43,161.1478268,161.6886237,165.031355685714,"Increase"
"678",167.78,161.4327108,162.0266218,163.753860914286,"Increase"
"679",160.5,160.3076601,154.9962617,161.861071671429,"Increase"
"680",156.49,153.6442694,151.1237695,159.844119885714,"Increase"
"681",163.03,149.5206929,157.439505,158.674232657143,"Increase"
"682",159.54,157.492619,154.0691813,157.512622942857,"Increase"
"683",155.15,154.7934629,149.8297197,155.881954671429,"Increase"
"684",156.41,152.2948443,151.6549093,154.4485669,"Increase"
"685",162.71,153.6813703,157.7633802,153.839532385714,"Decrease"
"686",164.34,157.0264853,159.3438258,154.460612971429,"Decrease"
"687",167.37,158.0881957,162.2817094,156.054604385714,"Decrease"
"688",172.99,164.6281379,167.7308533,157.524797,"Decrease"
"689",172.43,167.1200062,167.1878781,159.398896542857,"Decrease"
"690",171.85,166.8194306,166.6255109,161.798295285714,"Decrease"
"691",171.07,167.5757175,165.869224,163.828911671429,"Decrease"
"692",172.5,166.577031,167.25575,165.1849645,"Decrease"
"693",175.5,168.3901803,170.1645456,166.730781614286,"Decrease"
"694",178.97,170.9887044,173.5290526,168.337544928571,"Decrease"
"695",178.39,173.6551004,172.9666854,169.085520942857,"Decrease"
"696",178.12,173.8102362,172.7048938,169.873666042857,"Decrease"
"697",175,173.1121252,169.6797463,170.309985385714,"Increase"
"698",176.21,167.5466295,170.8529606,171.021947757143,"Increase"
"699",176.82,169.883362,171.4444157,171.620328571429,"Increase"
"700",176.67,172.5012781,171.2989759,171.782390042857,"Increase"
"701",175.03,169.6215704,169.7088343,171.236644571429,"Increase"
"702",176.94,170.1451537,171.5607675,171.035799157143,"Decrease"
"703",179.98,172.5497581,174.5083471,171.293435342857,"Decrease"
"704",181.72,174.8089227,176.1954486,172.224249957143,"Decrease"
"705",179.97,177.0389993,174.4986511,172.745062885714,"Decrease"
"706",178.44,174.8380106,173.0151654,172.9694557,"Decrease"
"707",178.65,173.0733413,173.2187811,173.243713585714,"Increase"
"708",178.02,173.2187811,172.607934,173.657870685714,"Increase"
"709",175.3,171.929215,169.9706259,173.4307076,"Increase"
"710",175.24,169.91245,169.91245,172.774150871429,"Increase"
"711",171.27,169.7185303,166.0631438,171.326678757143,"Increase"
"712",168.85,164.8317536,163.7167153,169.786402214286,"Increase"
"713",164.94,163.2706999,159.9255849,167.916462142857,"Increase"
"714",172.77,162.9604284,167.5175416,167.101999357143,"Decrease"
"715",168.34,168.3998763,163.22222,165.761183071429,"Increase"
"716",166.48,162.1653576,161.4187667,164.5394889,"Increase"
"717",167.78,162.7034848,162.6792448,163.506173871429,"Increase"
"718",166.68,162.7762047,161.6126864,162.870394242857,"Increase"
"719",168.39,162.543501,163.2706999,162.806677757143,"Decrease"
"720",171.61,159.867409,166.3928073,163.730566671429,"Decrease"
"721",172.8,167.3333179,167.5466295,163.734722085714,"Decrease"
"722",168.38,165.7722642,163.2610039,163.740262642857,"Increase"
"723",170.05,164.7154018,164.8802335,164.2347579,"Decrease"
"724",173.25,167.7405492,167.9829489,164.992429914286,"Decrease"
"725",172.44,166.9939584,167.1975741,165.790271014286,"Decrease"
"726",174.14,168.1380847,168.8458916,166.586726971429,"Decrease"
"727",174.73,169.4664347,169.4179547,167.018890885714,"Decrease"
"728",175.82,169.7089313,170.4748172,167.437203414286,"Decrease"
"729",178.24,171.1244482,172.8212456,168.802952228571,"Decrease"
"730",177.84,172.4043183,172.4334062,169.8819769,"Decrease"
"731",172.8,169.6312664,167.5466295,169.819645557143,"Increase"
"732",165.72,165.4086647,160.6818718,168.888830942857,"Increase"
"733",165.24,161.7627803,160.2164645,167.656055642857,"Increase"
"734",162.94,160.6333919,157.9863878,166.022974657143,"Increase"
"735",163.65,157.6761163,158.6748028,164.337258314286,"Increase"
"736",164.22,159.1305141,159.227474,162.395290942857,"Increase"
"737",162.32,159.0141623,157.3852367,160.245552442857,"Increase"
"738",165.26,157.2012069,160.2358565,159.2011563,"Decrease"
"739",169.1,161.3510887,163.9591149,159.669333885714,"Decrease"
"740",176.57,169.897906,171.2020161,161.2386984,"Decrease"
"741",176.89,170.5329931,171.5122876,163.1709698,"Decrease"
"742",183.83,172.8309416,178.2413015,165.9661839,"Decrease"
"743",185.16,179.5502596,179.5308676,168.8666687,"Decrease"
"744",186.05,179.3660359,180.3938103,172.153607785714,"Decrease"
"745",187.36,180.8786096,181.6639844,175.214768914286,"Decrease"
"746",190.04,182.0324319,184.2625085,178.115253714286,"Decrease"
"747",188.59,184.4404141,183.5643976,179.881308214286,"Decrease"
"748",188.15,183.9732053,183.1361228,181.5418561,"Decrease"
"749",186.44,181.802631,181.4716914,182.003340371429,"Increase"
"750",188.18,181.1115513,183.1653234,182.522548342857,"Decrease"
"751",186.99,182.9901201,182.0070349,182.753009,"Increase"
"752",186.31,182.2017052,181.3451557,182.707462042857,"Increase"
"753",187.63,182.9901201,182.62998,182.474243685714,"Decrease"
"754",187.16,183.355127,182.1725047,182.275401842857,"Increase"
"755",188.36,181.3840898,183.3405267,182.3046024,"Decrease"
"756",188.15,183.7396009,183.1361228,182.542378314286,"Decrease"
"757",188.58,183.213991,183.5546641,182.597998414286,"Decrease"
"758",187.9,182.6007794,182.8927849,182.724534128571,"Decrease"
"759",187.5,182.7175816,182.5034442,182.890003914286,"Increase"
"760",186.87,182.2309058,181.8902327,182.784325728571,"Increase"
"761",190.24,182.9815546,185.1704279,183.212600471429,"Decrease"
"762",191.83,186.5282535,186.7180571,183.695104814286,"Decrease"
"763",193.31,187.9201465,188.1586176,184.412604071429,"Decrease"
"764",193.98,188.4700902,188.8107633,185.163475385714,"Decrease"
"765",193.46,188.9664995,188.3046204,185.936594742857,"Decrease"
"766",191.7,186.075645,186.5915214,186.520605771429,"Decrease"
"767",191.23,186.2508483,186.1340461,187.126864828571,"Increase"
"768",192.28,186.2849156,187.1560654,187.410527328571,"Increase"
"769",190.7,187.2923346,185.6181697,187.253400557143,"Increase"
"770",190.8,186.4455186,185.7155049,186.904384457143,"Increase"
"771",188.84,184.966024,183.8077355,186.1896662,"Increase"
"772",188.74,182.8733179,183.7104003,185.533349042857,"Increase"
"773",185.69,180.2063342,180.7416777,184.697657085714,"Increase"
"774",186.5,181.3840898,181.5300925,184.039949428571,"Increase"
"775",185.46,182.2601063,180.5178068,183.091626771429,"Increase"
"776",184.92,181.1602189,179.9921968,182.287916357143,"Increase"
"777",182.17,178.5127023,177.3154797,181.087912757143,"Increase"
"778",184.43,178.1136281,179.5152545,180.474701185714,"Increase"
"779",184.16,180.2917945,179.2524495,179.837851071429,"Increase"
"780",185.5,179.1940484,180.5567408,179.811431514286,"Decrease"
"781",185.11,181.3256887,180.1771337,179.618151685714,"Decrease"
"782",187.18,178.92151,182.1919717,179.8573181,"Decrease"
"783",183.92,182.7857162,179.0188451,179.718267857143,"Increase"
"784",185.4,180.3231364,180.4594057,180.167400142857,"Decrease"
"785",187.97,180.4788727,182.9609195,180.659638,"Decrease"
"786",190.58,184.4501476,185.5013675,181.552340571429,"Decrease"
"787",190.35,185.6279032,185.2774966,182.226734257143,"Decrease"
"788",187.88,183.4767959,182.8733179,182.611903428571,"Decrease"
"789",191.03,184.4793482,185.9393757,183.147246857143,"Decrease"
"790",191.33,185.9880433,186.2313813,184.177609171429,"Decrease"
"791",190.91,186.4163181,185.8225735,184.943776,"Decrease"
"792",191.45,184.6934856,186.3481835,185.427670857143,"Decrease"
"793",190.4,186.6693895,185.3261642,185.402641814286,"Increase"
"794",191.88,184.6350845,186.7667247,185.615388685714,"Decrease"
"795",191.44,186.6693895,186.3384499,186.110407542857,"Decrease"
"796",191.61,185.5987026,186.5039197,186.191056685714,"Decrease"
"797",193,187.3215352,187.8568786,186.423270585714,"Decrease"
"798",194.82,187.9154744,189.6283787,186.966957042857,"Decrease"
"799",194.21,189.4239748,189.0346342,187.350735714286,"Decrease"
"800",190.98,189.7938485,185.8907082,187.431384857143,"Increase"
"801",189.91,186.7861917,184.8492218,187.157455871429,"Increase"
"802",190.29,185.228829,185.2190955,186.9975481,"Increase"
"803",201.5,193.8235245,196.1303681,188.372755014286,"Decrease"
"804",207.39,195.2348845,201.8634096,190.373688014286,"Decrease"
"805",207.99,201.513003,202.4474206,192.204979714286,"Decrease"
"806",209.07,202.4571541,203.4986405,194.271266328571,"Decrease"
"807",207.11,203.7419784,201.5908711,196.514146742857,"Decrease"
"808",207.25,200.5591183,201.7271404,198.925277971429,"Decrease"
"809",208.88,201.7563409,203.3137036,201.510221985714,"Decrease"
"810",207.53,202.5441737,202.7102256,202.450201628571,"Decrease"
"811",208.87,202.8762774,204.0191048,202.758158085714,"Decrease"
"812",209.75,205.2742613,204.8786673,203.105479042857,"Decrease"
"813",210.24,204.3609762,205.3572873,203.371000014286,"Decrease"
"814",213.32,206.8322183,208.3657559,204.3388407,"Decrease"
"815",217.58,208.482969,212.5268196,205.881652014286,"Decrease"
"816",215.46,213.0347429,210.4560555,206.901988,"Decrease"
"817",215.04,211.7649347,210.0458098,207.9499286,"Decrease"
"818",215.05,209.1276408,210.0555776,208.812281857143,"Decrease"
"819",215.49,209.6648673,210.4853588,209.613237785714,"Decrease"
"820",216.16,211.5695796,211.1397984,210.4393108,"Decrease"
"821",217.94,212.1068062,212.8784588,211.083982642857,"Decrease"
"822",219.7,213.9236087,214.5975838,211.3798061,"Decrease"
"823",222.98,215.0371328,217.8014075,212.4291421,"Decrease"
"824",225.03,218.0651369,219.8037973,213.823140314286,"Decrease"
"825",227.63,221.2494251,222.3434137,215.578545471429,"Decrease"
"826",228.36,223.1052986,223.0564599,217.374417057143,"Decrease"
"827",226.87,223.6718284,221.6010643,218.868883614286,"Decrease"
"828",223.1,220.975928,217.9186206,219.588906728571,"Increase"
"829",221.3,216.6976512,216.1604246,219.8121697,"Increase"
"830",218.33,215.8185532,213.2594013,219.163311671429,"Increase"
"831",223.85,212.9468331,218.6512022,218.998655228571,"Increase"
"832",221.07,219.7158875,215.9357662,218.083277014286,"Increase"
"833",226.41,218.3288663,221.1517476,217.811175257143,"Decrease"
"834",223.84,220.5070757,218.6414345,217.388371,"Decrease"
"835",217.88,216.9906838,212.8198523,216.659975528571,"Increase"
"836",218.24,212.7319425,213.1714915,216.232985085714,"Increase"
"837",218.37,213.4254531,213.2984723,216.238566657143,"Increase"
"838",220.03,215.1250426,214.9199197,215.7055263,"Increase"
"839",217.66,215.6525013,212.6049617,215.229697085714,"Increase"
"840",220.79,211.7844702,215.6622691,214.445485871429,"Decrease"
"841",222.19,214.6464225,217.0297548,214.215245914286,"Decrease"
"842",220.42,215.867392,215.3008622,214.5696759,"Decrease"
"843",224.95,218.621899,219.7256553,215.505985014286,"Decrease"
"844",225.74,219.5693712,220.497308,216.534390114286,"Decrease"
"845",227.26,222.6559819,221.9820068,217.5432597,"Decrease"
"846",229.28,221.972239,223.9550933,219.164707071429,"Decrease"
"847",232.07,224.7072105,226.6802971,220.738711071429,"Decrease"
"848",227.99,225.4202566,222.6950529,221.548039371429,"Decrease"
"849",224.29,222.6657496,219.0809834,222.088056685714,"Increase"
"850",223.77,217.0492903,218.5730602,221.923400242857,"Increase"
"851",226.87,218.4460794,221.6010643,222.081079714286,"Increase"
"852",216.36,220.2238108,211.3351535,220.560100671429,"Increase"
"853",214.45,209.5378865,209.4695122,218.490731942857,"Increase"
"854",222.11,215.3008622,216.9516128,217.1009199,"Increase"
"855",217.36,216.023676,212.311929,215.617616485714,"Increase"
"856",222.15,213.8454666,216.9906838,215.319002257143,"Decrease"
"857",221.19,217.1372001,216.0529793,214.9589907,"Decrease"
"858",216.02,212.8003168,211.0030498,213.444988628571,"Increase"
"859",219.31,212.9956719,214.2166413,213.856629742857,"Decrease"
"860",220.65,214.6854936,215.5255205,214.721773785714,"Decrease"
"861",222.73,210.8174625,217.5572136,214.808288185714,"Decrease"
"862",215.09,217.4302328,210.0946486,214.491533842857,"Increase"
"863",219.8,212.6538005,214.6952613,214.163616342857,"Decrease"
"864",216.3,210.8858368,211.276547,213.481268871429,"Increase"
"865",212.24,214.0994283,207.3108383,212.953810085714,"Increase"
"866",213.3,206.246153,208.3462204,212.115178528571,"Increase"
"867",218.86,211.8430768,213.7770923,211.865403071429,"Decrease"
"868",222.22,213.9626797,217.0590581,211.794238,"Decrease"
"869",207.48,204.6833121,202.6613868,210.732343457143,"Increase"
"870",201.59,199.5552406,196.9081789,208.191331685714,"Increase"
"871",203.77,197.2305149,199.0375496,206.442903485714,"Increase"
"872",209.95,201.1864558,205.0740224,206.123358357143,"Increase"
"873",208.49,205.8214676,204.3609762,205.554037757143,"Increase"
"874",204.47,201.4792012,200.42059,203.645966,"Increase"
"875",194.17,195.0589202,190.3245755,199.8267542,"Increase"
"876",192.23,187.8348788,188.4229961,197.792698385714,"Increase"
"877",186.8,190.0599227,183.1005341,195.8201777,"Increase"
"878",191.41,184.6590451,187.6192357,194.18899,"Increase"
"879",193.53,186.7272578,189.6972504,191.992308285714,"Increase"
"880",185.86,186.23716,182.1791503,188.823476014286,"Increase"
"881",176.98,174.8374854,173.4750135,184.974107942857,"Increase"
"882",176.78,176.1705514,173.2789744,182.539022071429,"Increase"
"883",172.29,171.4754146,168.8778963,179.746864957143,"Increase"
"884",174.62,170.7892777,171.161752,178.041324657143,"Increase"
"885",174.24,168.1133437,170.7892777,175.637044942857,"Increase"
"886",180.94,173.2299646,177.356588,173.874093171429,"Decrease"
"887",179.55,179.0425244,175.9941162,172.990516871429,"Decrease"
"888",178.58,176.7194609,175.0433265,173.214561585714,"Decrease"
"889",184.82,180.8068765,181.1597469,174.340386228571,"Decrease"
"890",176.69,177.36639,173.1907568,174.956509157143,"Increase"
"891",174.72,168.3583926,171.2597715,174.970511942857,"Increase"
"892",168.49,170.054131,165.1531531,174.165351285714,"Increase"
"893",169.6,161.7322705,166.2411702,172.577434457143,"Increase"
"894",168.63,168.2603731,165.2903805,171.048329357143,"Increase"
"895",169.1,167.0253266,165.7510724,169.720864485714,"Increase"
"896",170.95,167.1135442,167.5644342,167.778676957143,"Increase"
"897",165.48,165.6530528,162.2027644,166.208963757143,"Increase"
"898",163.94,162.1733585,160.6932632,164.699462571429,"Increase"
"899",166.07,162.1047448,162.7810798,164.360594957143,"Increase"
"900",160.89,162.7124661,157.7036667,163.1409516,"Increase"
"901",156.83,157.2233708,153.7240726,161.4886219,"Increase"
"902",150.73,153.7534785,147.7448796,158.916308642857,"Increase"
"903",146.83,145.215975,143.9221168,155.538834728571,"Increase"
"904",157.17,145.3630043,154.0573391,154.375202542857,"Increase"
"905",156.15,152.753679,153.0575396,153.284384885714,"Increase"
"906",156.23,154.3808037,153.1359553,151.906509957143,"Decrease"
"907",157.74,155.3904051,154.6160506,151.465421942857,"Decrease"
"908",157.92,151.8224932,154.7924858,151.6180524,"Decrease"
"909",142.19,141.1285594,139.3740093,150.422213785714,"Increase"
"910",148.26,141.667667,145.3237965,150.622453742857,"Increase"
"911",147.93,145.7550826,145.000332,149.328595585714,"Increase"
"912",150.75,146.5980508,147.7644835,148.572444714286,"Increase"
"913",153.31,148.2937891,150.2737842,148.163563128571,"Decrease"
"914",153.8,149.4798258,150.75408,147.611853042857,"Decrease"
"915",152.29,149.8523001,149.2739847,146.823495742857,"Decrease"
"916",150,147.8625031,147.0293368,147.917113957143,"Increase"
"917",153.07,147.2939896,150.0385372,148.590648342857,"Decrease"
"918",154.94,150.0483392,151.871503,149.5722442,"Decrease"
"919",155.86,151.1461583,152.7732829,150.287786971429,"Decrease"
"920",156.82,154.3808037,153.7142707,150.779285042857,"Decrease"
"921",153.3,153.3123905,150.2639822,150.709271071429,"Increase"
"922",153.92,151.0971485,150.8717035,150.937516614286,"Increase"
"923",152.7,151.0579406,149.6758649,151.315592057143,"Increase"
"924",157.76,152.4008086,154.6356545,151.9723231,"Decrease"
"925",156.3,152.7046692,153.204569,152.1627611,"Decrease"
"926",154.68,153.1555592,151.6166521,151.997528128571,"Increase"
"927",165.25,160.0169282,161.9773194,153.177963657143,"Decrease"
"928",166.44,162.8202876,163.1437521,155.017930785714,"Decrease"
"929",166.52,163.6534538,163.2221678,156.782282828571,"Decrease"
"930",171.25,164.0945418,167.8584929,159.379801114286,"Decrease"
"931",174.18,169.4366078,170.7304659,161.679059885714,"Decrease"
"932",174.24,171.1911578,170.7892777,164.191161128571,"Decrease"
"933",170.94,168.9857178,167.5546322,166.468015428571,"Decrease"
"934",170.41,166.3528311,167.7506714,167.29278,"Decrease"
"935",169.43,168.3806839,166.7859647,167.813096085714,"Increase"
"936",170.89,167.4455091,168.2231807,168.5275265,"Increase"
"937",170.18,168.715378,167.5242606,168.479779028571,"Increase"
"938",170.8,167.0615952,168.1345852,168.108938928571,"Decrease"
"939",170.42,168.5775628,167.7605153,167.676258585714,"Decrease"
"940",170.93,167.0615952,168.2625565,167.777390628571,"Decrease"
"941",172.03,168.5184991,169.3453905,168.005207642857,"Decrease"
"942",171.06,169.1189797,168.3905278,168.234430942857,"Decrease"
"943",172.97,168.902413,170.2707213,168.526936742857,"Decrease"
"944",174.23,171.4421508,171.5110584,169.096479285714,"Decrease"
"945",174.33,170.9991733,171.6094979,169.592895385714,"Decrease"
"946",174.87,170.506976,172.1410709,170.218689042857,"Decrease"
"947",173.15,171.599654,170.4479124,170.530882742857,"Increase"
"948",174.97,171.5602782,172.2395104,170.944328442857,"Decrease"
"949",175.85,172.9482745,173.1057776,171.617935557143,"Decrease"
"950",175.53,173.1943731,172.7907713,171.9779427,"Decrease"
"951",174.52,171.944192,171.7965329,172.018724771429,"Increase"
"952",172.5,171.1566764,169.8080559,171.761375914286,"Increase"
"953",172.91,167.6620758,170.2116577,171.485745457143,"Increase"
"954",178.9,172.7513956,176.1081809,172.294355242857,"Decrease"
"955",180.91,177.1910149,178.0868139,173.129684314286,"Decrease"
"956",181.71,179.4059026,178.8743295,173.953763157143,"Decrease"
"957",183.73,181.0301535,180.8628065,175.106911042857,"Decrease"
"958",186.12,181.9653283,183.2155094,176.7381934,"Decrease"
"959",188.02,182.9005031,185.085859,178.9207367,"Decrease"
"960",186.53,185.4107092,183.6191111,180.836087185714,"Decrease"
"961",188.16,183.3237928,185.2236742,182.138300514286,"Decrease"
"962",195.09,187.054648,192.0455283,184.132402571429,"Decrease"
"963",191.05,192.2916269,188.0685744,185.445866128571,"Decrease"
"964",188.74,188.5213959,185.794623,186.150411342857,"Increase"
"965",186.79,188.6729926,183.8750537,186.244631957143,"Increase"
"966",188.47,185.804467,185.5288365,186.307914457143,"Increase"
"967",188.72,186.0013459,185.7749351,186.615889314286,"Increase"
"968",189.95,186.8676131,186.9857404,186.867613057143,"Decrease"
"969",191.24,188.6493672,188.2556094,186.326196071429,"Decrease"
"970",194.02,188.1079502,190.9922261,186.7438606,"Decrease"
"971",195.35,190.2342424,192.3014709,187.6734103,"Decrease"
"972",195.69,191.7502099,192.636165,188.924997628571,"Decrease"
"973",197,193.3843048,193.9257218,190.124552671429,"Decrease"
"974",200.1,193.354773,196.9773449,191.724896928571,"Decrease"
"975",199.5,197.1939117,196.3867081,193.067892314286,"Decrease"
"976",200.62,195.5795046,197.48923,194.386980971429,"Decrease"
"977",198.95,197.7156408,195.8452912,195.080275985714,"Decrease"
"978",198.87,196.0913898,195.7665396,195.5752858,"Decrease"
"979",199.23,195.4810652,196.1209216,196.073108171429,"Decrease"
"980",199.25,196.3473324,196.1406095,196.3895207,"Increase"
"981",203.13,196.4260839,199.9600603,196.8156229,"Decrease"
"982",203.86,199.9502163,200.6786683,197.428760071429,"Decrease"
"983",204.53,199.6647419,201.3382126,197.978614728571,"Decrease"
"984",207.48,201.2397732,204.2421765,199.178169771429,"Decrease"
"985",207.16,204.1240491,203.9271702,200.343974142857,"Decrease"
"986",205.28,203.60232,202.0765085,201.194772271429,"Decrease"
"987",204.3,201.7024386,201.1118019,201.904942614286,"Increase"
"988",204.61,201.2102413,201.4169642,202.113071742857,"Increase"
"989",200.67,199.8911527,197.5384497,201.664469085714,"Increase"
"990",210.52,206.6047233,207.2347358,202.506829542857,"Decrease"
"991",209.15,206.5653476,205.8861153,202.741677942857,"Decrease"
"992",211.75,207.5989618,208.4455411,203.3871595,"Decrease"
"993",208.48,201.1019579,205.226571,203.837168428571,"Decrease"
"994",202.86,202.6671452,199.6942738,203.634664414286,"Increase"
"995",202.9,198.749255,199.7336495,203.394190885714,"Increase"
"996",200.72,197.2726632,197.5876695,203.401222285714,"Increase"
"997",197.18,195.0970857,194.8608966,201.633530971429,"Increase"
"998",185.72,185.5022766,183.5356817,198.440611885714,"Increase"
"999",188.66,184.2175664,186.4411033,195.297120771429,"Increase"
"1000",190.92,184.079213,188.6745227,192.932542442857,"Increase"
"1001",190.08,187.6764017,187.8444022,191.239703642857,"Increase"
"1002",189,184.7314505,186.7771045,189.388768642857,"Increase"
"1003",183.09,181.3615567,180.9366141,187.010046442857,"Increase"
"1004",186.6,183.0415624,184.4053317,185.516394314286,"Increase"
"1005",182.78,182.4881488,180.6302601,185.101334085714,"Increase"
"1006",179.66,177.6853089,177.5469555,183.830741542857,"Increase"
"1007",178.97,178.0806044,176.8650708,182.143676985714,"Increase"
"1008",178.23,176.8156589,176.1337742,180.470730128571,"Increase"
"1009",177.38,174.3450623,175.2937714,178.830253971429,"Increase"
"1010",178.3,175.8570674,176.202951,178.154016385714,"Increase"
"1011",175.07,174.157297,173.0109401,176.526246157143,"Increase"
"1012",173.3,173.5347066,171.2617577,175.187888671429,"Increase"
"1013",179.64,173.3765884,177.5271907,175.185065128571,"Decrease"
"1014",182.54,182.1126181,180.3930828,175.689066842857,"Decrease"
"1015",185.22,180.9267317,183.0415624,176.675893728571,"Decrease"
"1016",190.15,184.3163903,187.9135789,178.478723371429,"Decrease"
"1017",192.58,189.5540551,190.3149988,180.4947302,"Decrease"
"1018",194.81,192.568183,192.518771,183.281563185714,"Decrease"
"1019",194.19,191.6688858,191.9060631,186.230749671429,"Decrease"
"1020",194.15,192.4100648,191.8665335,188.279227214286,"Decrease"
"1021",192.74,189.2921718,190.473117,189.7192321,"Decrease"
"1022",193.89,190.6312352,191.6095915,190.943236257143,"Decrease"
"1023",198.45,193.744187,196.1159597,192.115004942857,"Decrease"
"1024",197.87,197.3314933,195.5427813,192.861831014286,"Decrease"
"1025",199.46,198.0133779,197.1140807,193.518303828571,"Decrease"
"1026",198.78,196.4618432,196.4420785,194.166306028571,"Decrease"
"1027",198.58,196.2049012,196.2444307,194.791719914286,"Decrease"
"1028",195.57,196.0961949,193.2698324,195.191250685714,"Increase"
"1029",199.8,195.4439574,197.4500819,196.025606457143,"Decrease"
"1030",199.74,197.9343188,197.3907876,196.207724728571,"Decrease"
"1031",197.92,196.3432546,195.5921932,196.214783571429,"Increase"
"1032",201.55,200.7804461,199.1794995,196.5098434,"Decrease"
"1033",202.73,199.0411461,200.3456211,197.067492342857,"Decrease"
"1034",204.41,200.8891524,202.0058621,197.890553971429,"Decrease"
"1035",204.23,200.9583291,201.8279791,199.113146357143,"Decrease"
"1036",200.02,198.4482029,197.6674944,199.144205285714,"Increase"
"1037",201.24,196.8571387,198.8731455,199.3559707,"Increase"
"1038",203.23,199.4759711,200.8397405,200.105620314286,"Decrease"
"1039",201.75,200.9187995,199.3771473,200.133855714286,"Increase"
"1040",203.3,200.0689143,200.9089172,200.214326585714,"Decrease"
"1041",205.21,201.6896257,202.796453,200.327268142857,"Decrease"
"1042",204.5,202.183745,202.0948035,200.365385914286,"Decrease"
"1043",203.35,201.6500961,200.9583291,200.835505157143,"Decrease"
"1044",205.66,201.6006842,203.2411604,201.459507285714,"Decrease"
"1045",202.59,203.3696314,200.2072677,201.369154028571,"Increase"
"1046",207.22,201.2548007,204.7828127,202.141391942857,"Decrease"
"1047",208.84,206.0082286,206.3837593,202.923512242857,"Decrease"
"1048",208.67,205.22752,206.2157587,203.411984485714,"Decrease"
"1049",207.02,206.4331712,204.5851649,203.7677504,"Decrease"
"1050",207.74,205.0397547,205.2966968,204.387517214286,"Decrease"
"1051",209.68,206.0082286,207.2138797,204.955048542857,"Decrease"
"1052",208.78,206.3047002,206.3244649,205.828933857143,"Decrease"
"1053",213.04,213.8746082,210.5343616,206.6505837,"Decrease"
"1054",208.43,211.3842468,205.9785814,206.592701142857,"Increase"
"1055",204.02,203.1126893,201.620449,205.936228328571,"Increase"
"1056",193.34,195.6613699,191.0660602,204.004927657143,"Increase"
"1057",197,194.001129,194.6830137,202.488687214286,"Increase"
"1058",199.04,193.1117142,196.6990205,200.986564471429,"Increase"
"1059",203.43,197.8453773,201.0373882,200.2312678,"Decrease"
"1060",200.99,199.6945573,199.3870296,198.6387918,"Decrease"
"1061",200.48,198.0279559,198.8810971,197.624865471429,"Decrease"
"1062",208.97,199.4167904,207.3033862,198.436713642857,"Decrease"
"1063",202.75,201.5397231,201.132993,199.8748469,"Decrease"
"1064",201.74,201.8373305,200.1310481,200.653137528571,"Increase"
"1065",206.5,202.6507907,204.8530853,201.818003928571,"Decrease"
"1066",210.35,208.9402268,208.6723801,202.908717057143,"Decrease"
"1067",210.36,209.1981532,208.6823004,204.236612885714,"Decrease"
"1068",212.64,211.2913252,210.9441165,205.959901371429,"Decrease"
"1069",212.46,211.4897301,210.7655521,206.4544965,"Decrease"
"1070",202.64,207.7597175,201.0238703,206.438907542857,"Increase"
"1071",206.49,204.2181896,204.8431651,207.112067114286,"Increase"
"1072",204.16,206.2022388,202.5317477,206.780447457143,"Increase"
"1073",205.53,202.4722262,203.8908214,206.097367642857,"Increase"
"1074",209.01,206.8371346,207.3430671,205.9060486,"Decrease"
"1075",208.74,208.4838955,207.0752205,205.353349171429,"Decrease"
"1076",205.7,204.7836436,204.0594656,204.395336814286,"Increase"
"1077",209.19,206.7280119,207.5216316,205.323588428571,"Decrease"
"1078",213.28,210.3092208,211.5790123,206.285852314286,"Decrease"
"1079",213.26,212.3428713,211.5591718,207.575484328571,"Decrease"
"1080",214.17,213.1265707,212.4619142,208.799926157143,"Decrease"
"1081",216.7,212.1543866,214.9717365,209.889736071429,"Decrease"
"1082",223.59,216.3308103,221.8067862,211.994245457143,"Decrease"
"1083",223.085,223.007136,221.3058138,214.458009485714,"Decrease"
"1084",218.75,218.2454178,217.005387,215.812831685714,"Decrease"
"1085",219.9,215.9935219,218.1462153,216.751003542857,"Decrease"
"1086",220.7,218.2057368,218.939835,217.805384,"Decrease"
"1087",222.77,219.2969639,220.993326,219.024157114286,"Decrease"
"1088",220.96,220.2393873,219.1977614,219.627874957143,"Increase"
"1089",217.73,219.6144118,215.9935219,218.797408628571,"Increase"
"1090",218.72,217.2037919,216.9756263,218.178810414286,"Increase"
"1091",217.68,219.2920038,215.9439207,218.027172371429,"Increase"
"1092",221.03,216.8069821,219.2672032,218.1873135,"Decrease"
"1093",219.89,218.2454178,218.1362951,218.072522085714,"Decrease"
"1094",218.82,218.7811111,217.0748287,217.512736757143,"Increase"
"1095",223.97,219.1382399,222.1837556,217.939307357143,"Decrease"
"1096",224.59,223.2749826,222.7988108,218.911491485714,"Decrease"
"1097",218.96,221.2810131,217.2137122,218.945503757143,"Increase"
"1098",220.82,216.6879391,219.058878,219.390497657143,"Increase"
"1099",227.01,223.8404367,225.1995104,220.237970114286,"Decrease"
"1100",227.06,224.4654122,225.2491116,221.254086757143,"Decrease"
"1101",224.4,224.0190011,222.6103261,222.0448721,"Decrease"
"1102",227.03,225.2193509,225.2193509,222.478528571429,"Decrease"
"1103",230.09,226.1121731,228.2549463,223.2579765,"Decrease"
"1104",236.21,231.0921367,234.326137,225.702608614286,"Decrease"
"1105",235.87,233.0265847,233.9888486,227.835461557143,"Decrease"
"1106",235.32,234.5047014,233.4432351,229.013136514286,"Decrease"
"1107",234.37,231.508787,232.5008117,230.049093671429,"Decrease"
"1108",235.28,233.2150694,233.4035541,231.590983385714,"Decrease"
"1109",236.41,232.7190571,234.5245419,232.920296385714,"Decrease"
"1110",240.51,235.6256892,238.5918429,234.3969959,"Decrease"
"1111",239.96,239.2366589,238.0462293,234.928437657143,"Decrease"
"1112",243.18,240.169162,241.2405486,235.9643948,"Decrease"
"1113",243.58,242.5599414,241.6373585,237.134983857143,"Decrease"
"1114",246.58,241.2207081,244.6134324,238.865358242857,"Decrease"
"1115",249.05,245.446733,247.0637332,240.8168124,"Decrease"
"1116",243.29,246.9843712,241.3496713,241.791830885714,"Increase"
"1117",243.26,242.8079475,241.3199106,242.181554842857,"Increase"
"1118",248.76,245.2681686,246.776046,243.428671514286,"Decrease"
"1119",255.82,247.5498252,253.7797399,245.219984557143,"Decrease"
"1120",257.5,255.2776971,255.4463413,247.192696385714,"Decrease"
"1121",257.13,254.9999302,255.0792922,248.687819214286,"Decrease"
"1122",257.24,254.7221633,255.1884149,249.848488028571,"Decrease"
"1123",259.43,257.4382792,258.1248078,252.2449361,"Decrease"
"1124",260.14,257.3885307,258.8312358,254.746553985714,"Decrease"
"1125",262.2,257.0004928,260.8808719,256.761529114286,"Decrease"
"1126",261.96,260.234142,260.6420793,257.741863314286,"Decrease"
"1127",264.47,259.8162551,263.1394515,258.840879057143,"Decrease"
"1128",262.64,262.4230738,261.3186583,259.732217071429,"Decrease"
"1129",265.76,262.353426,264.4229615,261.051438014286,"Decrease"
"1130",267.1,264.4627603,265.75622,262.141639757143,"Decrease"
"1131",266.29,266.5521952,264.9502951,263.015791085714,"Decrease"
"1132",263.19,264.2040684,261.8658912,263.156508128571,"Increase"
"1133",262.01,262.3633757,260.6918278,263.163615057143,"Increase"
"1134",261.78,261.2689098,260.4629849,262.781262685714,"Increase"
"1135",266.37,261.3883061,265.0298926,263.311439014286,"Decrease"
"1136",264.29,265.597025,262.9603571,263.102495528571,"Increase"
"1137",267.84,264.2438671,266.4924971,263.207677971429,"Decrease"
"1138",267.25,265.2587355,265.9054653,263.344130857143,"Decrease"
"1139",264.16,265.9253647,262.8310111,263.482005128571,"Increase"
"1140",259.45,257.0104425,258.1447071,263.118130742857,"Increase"
"1141",261.74,259.7565569,260.4231862,263.112445214286,"Increase"
"1142",265.58,262.4628726,264.2438671,263.000155857143,"Decrease"
"1143",270.71,266.1343082,269.3480581,263.912684571429,"Decrease"
"1144",266.92,268.6416301,265.5771256,263.781917214286,"Decrease"
"1145",268.48,267.2486735,267.1292772,263.956747485714,"Decrease"
"1146",270.77,267.457617,269.4077562,264.8962825,"Decrease"
"1147",271.46,266.4327989,270.0942848,266.603365028571,"Decrease"
"1148",275.15,270.0942848,273.7657204,268.509441342857,"Decrease"
"1149",279.86,275.6064131,278.4520244,270.5391781,"Decrease"
"1150",280.41,278.1634834,278.9992574,271.917920857143,"Decrease"
"1151",279.74,278.3923263,278.3326282,273.740135514286,"Decrease"
"1152",280.02,278.0938356,278.6112195,275.380412985714,"Decrease"
"1153",279.44,280.810101,278.0341375,276.612753171429,"Decrease"
"1154",284,279.1186537,282.5711961,278.395169071429,"Decrease"
"1155",284.27,283.2577247,282.8398377,279.691471542857,"Decrease"
"1156",289.91,283.3870707,288.4514629,281.119962757143,"Decrease"
"1157",289.8,289.6553754,288.3420163,282.4546426,"Decrease"
"1158",291.52,288.0037268,290.053363,284.129033285714,"Decrease"
"1159",293.65,288.4713623,292.172647,286.066380071429,"Decrease"
"1160",300.35,294.7496167,298.8389393,289.038494614286,"Decrease"
"1161",297.43,295.6550385,295.9336298,290.947413714286,"Decrease"
"1162",299.8,292.3119426,298.2917063,293.154823514286,"Decrease"
"1163",298.39,298.3315051,296.8888,294.360157385714,"Decrease"
"1164",303.19,295.6649881,301.6646512,296.263390942857,"Decrease"
"1165",309.63,305.6893008,308.0722516,298.837517885714,"Decrease"
"1166",310.33,309.0373715,308.7687299,301.208386871429,"Decrease"
"1167",316.96,310.0721393,315.3653744,303.569306171429,"Decrease"
"1168",312.68,315.1066824,311.106907,305.7369172,"Decrease"
"1169",311.34,310.2810828,309.7736486,307.377194671429,"Decrease"
"1170",315.24,312.0123288,313.6540277,309.7722272,"Decrease"
"1171",318.73,314.6788457,317.1264695,311.981058385714,"Decrease"
"1172",316.57,315.5942172,314.9773364,312.967499071429,"Decrease"
"1173",317.7,316.9772241,316.1016514,314.015059285714,"Decrease"
"1174",319.23,316.3205446,317.623954,314.337713514286,"Decrease"
"1175",318.31,318.6388224,316.7085825,315.137952871429,"Decrease"
"1176",308.95,308.5000883,307.3956727,314.798242028571,"Increase"
"1177",317.69,311.0273095,316.0917017,315.146481171429,"Decrease"
"1178",324.34,322.8176922,322.7082456,315.943877757143,"Decrease"
"1179",323.87,318.9308458,322.2406101,316.981488285714,"Decrease"
"1180",309.51,319.3154013,307.9528553,315.817374557143,"Increase"
"1181",308.66,302.7690668,307.1071317,314.314971371429,"Increase"
"1182",318.85,313.7236755,317.2458658,314.391726128571,"Decrease"
"1183",321.45,321.892371,319.8327852,316.168456485714,"Decrease"
"1184",325.21,320.9471504,323.5738686,317.237337471429,"Decrease"
"1185",320.03,321.5198845,319.1860553,316.734167428571,"Decrease"
"1186",321.55,313.3514822,320.702047,316.5143727,"Decrease"
"1187",319.61,322.7466409,318.7671629,318.059273785714,"Decrease"
"1188",327.2,320.6222579,326.3371475,320.8064189,"Decrease"
"1189",324.87,323.3350851,324.0132918,321.773194042857,"Decrease"
"1190",324.95,323.873661,324.0930809,322.381807714286,"Decrease"
"1191",319,314.5283705,318.1587715,321.608222414286,"Increase"
"1192",323.62,319.1561344,322.7665882,322.119727114286,"Decrease"
"1193",320.3,321.7791989,319.4553433,321.941626585714,"Increase"
"1194",313.05,317.7797736,312.2244621,321.006955042857,"Increase"
"1195",298.18,296.4761016,297.3936755,316.872173328571,"Increase"
"1196",288.08,300.1563708,287.32031,311.630318785714,"Increase"
"1197",292.65,285.7743975,291.8782586,307.028201314286,"Increase"
"1198",273.52,280.3587168,272.7987059,300.548191942857,"Increase"
"1199",273.36,256.5815848,272.6391278,293.387126171429,"Increase"
"1200",298.81,281.5356051,298.0220142,290.325222014286,"Decrease"
"1201",289.32,302.8691979,288.55704,286.944161714286,"Decrease"
"1202",302.74,295.658264,301.9416504,287.593872414286,"Decrease"
"1203",292.92,294.7406901,292.1475466,288.283477642857,"Decrease"
"1204",289.03,281.2563435,288.2678048,287.767698528571,"Decrease"
"1205",266.17,263.0544702,265.4680884,286.720467457143,"Increase"
"1206",285.34,276.4091597,284.5875356,288.427382857143,"Increase"
"1207",275.43,276.6585004,274.7036691,285.0961907,"Increase"
"1208",248.23,255.2650658,247.5753977,279.241670371429,"Increase"
"1209",277.97,264.1914639,277.2369709,275.712430442857,"Decrease"
"1210",242.21,241.3119585,241.5712729,268.487248485714,"Increase"
"1211",252.86,246.8572963,252.193188,263.3337318,"Increase"
"1212",246.67,239.1377073,246.0195115,260.555363671429,"Increase"
"1213",244.78,246.732626,244.1344956,254.776357957143,"Increase"
"1214",229.24,246.5281666,228.6354758,248.195187485714,"Increase"
"1215",224.37,227.4785348,223.7783184,244.795604728571,"Increase"
"1216",246.88,235.7366998,246.2289577,240.365888557143,"Decrease"
"1217",245.52,250.0887522,244.8725441,240.837498728571,"Decrease"
"1218",258.44,245.8699071,257.7584731,241.632539457143,"Decrease"
"1219",247.74,252.0834781,247.0866898,241.7849935,"Decrease"
"1220",254.81,250.0787786,254.1380457,243.214072085714,"Decrease"
"1221",254.29,254.9259624,253.6194169,246.783206528571,"Decrease"
"1222",240.91,245.8499598,240.2747011,249.139832628571,"Increase"
"1223",244.93,239.7062042,244.2841,248.861995814286,"Increase"
"1224",241.41,242.159717,240.7733825,248.2764013,"Increase"
"1225",262.47,250.2383566,261.7778456,248.850597371429,"Decrease"
"1226",259.43,270.0858788,258.7458624,250.516193457143,"Decrease"
"1227",266.07,262.0471336,265.3683521,252.120522942857,"Decrease"
"1228",267.99,267.9914166,267.283289,254.072504671429,"Decrease"
"1229",273.25,267.6024451,272.5294179,258.680321357143,"Decrease"
"1230",287.05,279.2616176,286.2930262,264.681596528571,"Decrease"
"1231",284.43,281.6552886,283.6799354,270.811104085714,"Decrease"
"1232",286.69,286.622156,285.9339756,274.2619798,"Decrease"
"1233",282.8,283.9392497,282.0542338,277.591747142857,"Decrease"
"1234",276.93,277.2170236,276.1997135,279.139084485714,"Increase"
"1235",268.37,275.5514276,267.6622869,279.193227042857,"Increase"
"1236",276.1,272.8884686,275.3719022,279.599296228571,"Increase"
"1237",275.03,275.1425088,274.3047239,277.886681614286,"Increase"
"1238",282.97,276.4690014,282.2237855,277.6786602,"Decrease"
"1239",283.17,281.0568709,282.4232581,277.177129128571,"Decrease"
"1240",278.58,284.3282213,277.8453623,276.575861771429,"Decrease"
"1241",287.73,283.9791442,286.971233,278.114650271429,"Decrease"
"1242",293.8,289.1953523,293.0252259,281.737927271429,"Decrease"
"1243",289.07,285.4951359,288.3076993,283.585898285714,"Decrease"
"1244",293.16,288.4074356,292.3869137,286.169068257143,"Decrease"
"1245",297.56,294.2819032,296.7753105,288.247857542857,"Decrease"
"1246",300.63,299.667663,299.8372147,290.735565628571,"Decrease"
"1247",303.74,302.4203846,302.9390133,294.320372914286,"Decrease"
"1248",310.13,305.64,310.13,297.6287682,"Decrease"
"1249",315.01,308.1,315.01,300.769450214286,"Decrease"
"1250",311.41,317.83,311.41,304.069778885714,"Decrease"
"1251",307.65,312.15,307.65,306.250219785714,"Decrease"
"1252",309.54,304.51,309.54,308.073746857143,"Decrease"
"1253",307.71,300.35,307.71,309.198430471429,"Increase"
"1254",314.96,313.17,314.96,310.915714285714,"Decrease"
"1255",313.14,315.03,313.14,311.345714285714,"Decrease"
"1256",319.23,316.68,319.23,311.948571428571,"Decrease"
"1257",316.85,318.66,316.85,312.725714285714,"Decrease"
"1258",318.89,315.77,318.89,314.331428571429,"Decrease"
